"ID,C,15","CAMPANA,C,25","PRODUCTO,C,25"
03byftwqjL-1,2006-2007,soja
09vHdvoNhg-1,2010-2011,soja
0CSNcdyQce-1,2010-2011,soja
0CfgXxjYc4-1,2006-2007,soja
0J4hLXN9w1-1,2006-2007,soja
0J4hLXN9w1-2,2006-2007,soja
0PuNpfDQWF-1,2006-2007,trigo
0QELpjOS2q-1,2012-2013,soja
0To3KBQwpl-1,2007-2008,soja
0To3KBQwpl-2,2007-2008,soja
0To3KBQwpl-3,2007-2008,soja
0To3KBQwpl-4,2007-2008,soja
0To3KBQwpl-5,2007-2008,soja
0aURHfMU49-1,2005-2006,trigo
0bFEZ6vfPw-1,2006-2007,maiz
0bcKSX5ona-1,2010-2011,soja
0hTNYVS08W-1,2009-2010,soja
0mudDLs3xA-1,2010-2011,soja
0pO1R5fhZK-1,2007-2008,soja
0pO1R5fhZK-2,2007-2008,soja
0pO1R5fhZK-3,2007-2008,soja
0ukEuo3s2B-1,2009-2010,soja
0vjfUJRaQz-1,2007-2008,soja
0xSkfEkTRp-1,2010-2011,soja
11M3iFyFzc-1,2006-2007,soja
12aDKbayQQ-1,2007-2008,maiz
18IvsToN0X-1,2009-2010,soja
1AUFlp1AME-1,2006-2007,maiz
1AUFlp1AME-2,2006-2007,maiz
1Ahs2G5tey-1,2006-2007,soja
1BkXyG1NKK-1,2007-2008,soja
1DF3RHxvWA-1,2009-2010,soja
1ET4My0B68-1,2007-2008,soja
1ET4My0B68-2,2007-2008,soja
1J4hawKEDt-1,2012-2013,soja
1JgaiyBRS2-1,2006-2007,soja
1LkQ81DaLW-1,2007-2008,soja
1LkQ81DaLW-2,2007-2008,soja
1M3RvmhsaY-1,2008-2009,soja
1PoP5AuHTu-1,2007-2008,soja
1TpRDzZC9w-1,2006-2007,trigo
1VmuWytjCs-1,2006-2007,soja
1WOJNkyOUb-1,2009-2010,maiz
1YElis7INX-1,2007-2008,soja
1etwsm7kNt-1,2010-2011,maiz
1frBUsyacC-1,2007-2008,trigo
1iEPoZX9rM-1,2011-2012,trigo
1ibVUFkqHL-1,2011-2012,girasol
1knH6dFSVO-1,2006-2007,maiz
1oOj366MhQ-1,2006-2007,maiz
1tw3k2gSBU-1,2008-2009,trigo
1yDnC43qNU-1,2006-2007,cebada
1yDnC43qNU-2,2006-2007,cebada
20mwgkLGZ0-1,2009-2010,cebada
22qYuoD63t-1,2007-2008,soja
26VVmjY1j1-1,2007-2008,maiz
26VVmjY1j1-2,2007-2008,maiz
26noRZEH6o-1,2010-2011,soja
28JpukMFWv-1,2007-2008,soja
299CUJbbog-1,2006-2007,soja
2DqKDRO23d-1,2007-2008,maiz
2HvuEOMtuM-1,2006-2007,soja
2KvWe704ZD-1,2008-2009,cebada
2LgN2zdap7-1,2007-2008,soja
2P1iK7syeC-1,2009-2010,soja
2WyaWmSPC2-1,2007-2008,soja
2a233xPeRY-1,2006-2007,trigo
2ar49wkkJ8-1,2006-2007,soja
2bxluZAK7S-1,2007-2008,cebada
2ctvBFbR4x-1,2011-2012,girasol
2erNbT2JEN-1,2006-2007,trigo
2erNbT2JEN-2,2006-2007,trigo
2fZO9zfW15-1,2009-2010,maiz
2foF6uMN3C-1,2007-2008,soja
2ht4ijVCYs-1,2006-2007,soja
2jU2wBEDbp-1,2009-2010,trigo
2kucMDldOd-1,2006-2007,soja
2xRfl8apQf-1,2006-2007,maiz
2xyRA442gN-1,2010-2011,soja
2xyRA442gN-2,2010-2011,soja
2y1ageGUeu-1,2006-2007,cebada
31oXHnp6Xn-1,2007-2008,soja
34IBFcP2va-1,2011-2012,cebada
35dpEkxpu3-1,2008-2009,soja
36nVuzasB9-1,2007-2008,soja
3AMp3LubfU-1,2009-2010,soja
3Grwc5uTlO-1,2008-2009,soja
3GwWcSnMwj-1,2007-2008,soja
3I3uhDlQqF-1,2006-2007,soja
3I3uhDlQqF-2,2006-2007,soja
3I3uhDlQqF-3,2006-2007,soja
3Kjd31lTmn-1,2006-2007,soja
3PG8cmDLMJ-1,2007-2008,cebada
3PG8cmDLMJ-2,2007-2008,cebada
3PjJsQWA9G-1,2006-2007,soja
3WQZjGwmqT-1,2006-2007,trigo
3WRaiX8JES-1,2006-2007,soja
3ZL9ax8JQQ-1,2007-2008,maiz
3bo1R41JYR-1,2010-2011,soja
3ce6NULaPc-1,2008-2009,cebada
3hA8bmoDfb-1,2007-2008,soja
3hA8bmoDfb-2,2007-2008,soja
3hA8bmoDfb-3,2007-2008,soja
3hA8bmoDfb-4,2007-2008,soja
3hA8bmoDfb-5,2007-2008,soja
3hA8bmoDfb-6,2007-2008,soja
3hA8bmoDfb-7,2007-2008,soja
3hA8bmoDfb-8,2007-2008,soja
3jiEUphzXU-1,2007-2008,soja
3mW3SshtEZ-1,2006-2007,soja
3mW3SshtEZ-2,2006-2007,soja
3rNftTI6jN-1,2010-2011,soja
3rUYYf79vu-1,2007-2008,soja
3syLUspKWV-1,2008-2009,girasol
3yeiS9LLda-1,2007-2008,maiz
41GqJ9mahF-1,2007-2008,maiz
45MIjrWCcv-1,2007-2008,soja
48CoCrWh4T-1,2010-2011,soja
48CoCrWh4T-2,2010-2011,soja
4Ibwugg4I3-1,2007-2008,soja
4P4XXnyVlg-1,2010-2011,soja
4QLBvLuAfR-1,2006-2007,soja
4VGAdHiPxI-1,2007-2008,soja
4XW65fqOR5-1,2007-2008,soja
4Xi95fWDZg-1,2007-2008,cebada
4ZpfUfcsRz-1,2009-2010,soja
4aJILQxvrc-1,2006-2007,soja
4evAfAiWWO-1,2006-2007,soja
4n4J6XYmDx-1,2007-2008,maiz
4qC5iHzuhF-1,2006-2007,cebada
4tlf51DDZb-1,2008-2009,soja
4ulWN6cp5s-1,2012-2013,soja
55TvsUjDR3-1,2007-2008,cebada
56ZenYY7r6-1,2006-2007,soja
5GT9kQwxhO-1,2008-2009,cebada
5GuRE0N0t2-1,2010-2011,soja
5GuRE0N0t2-2,2010-2011,soja
5OwslilwcV-1,2006-2007,cebada
5P1Isf9NQn-1,2007-2008,soja
5RMiCdY7ty-1,2007-2008,soja
5S53DXr8Um-1,2007-2008,soja
5Xpj7paOMh-1,2005-2006,trigo
5YjxyoFC75-1,2008-2009,trigo
5Yxc8DbPiG-1,2007-2008,soja
5dmQoiljsR-1,2006-2007,soja
5feZ1qHW7h-1,2010-2011,soja
5gAmqJraQV-1,2006-2007,soja
5gAmqJraQV-2,2006-2007,soja
5gAmqJraQV-3,2006-2007,soja
5gAmqJraQV-4,2006-2007,soja
5gmHGFlJFw-1,2007-2008,soja
5gupvAkHuX-1,2006-2007,soja
5gupvAkHuX-2,2006-2007,soja
5ka0HUqTPs-1,2011-2012,girasol
5mxI1DlJo0-1,2010-2011,soja
5qVIwBuOdZ-1,2012-2013,soja
5qcWMZqtXx-1,2006-2007,soja
5reiWmOBZe-1,2006-2007,soja
5uxHBltP98-1,2006-2007,maiz
5xUpey86ZY-1,2006-2007,soja
5xqwqBU6Sc-1,2007-2008,soja
61Vp4nBvBG-1,2007-2008,soja
61hx6wuUsP-1,2007-2008,trigo
63wLE9F7IL-1,2006-2007,maiz
63wWeOGL0a-1,2010-2011,soja
67tZSLWZfv-1,2007-2008,soja
6BOSkhjYt8-1,2006-2007,soja
6EGaTRSCfk-1,2009-2010,soja
6KhjOvyT7o-1,2006-2007,soja
6KhjOvyT7o-2,2006-2007,soja
6KhjOvyT7o-3,2006-2007,soja
6O7ljJMuQ3-1,2006-2007,soja
6QQp7w1fwe-1,2007-2008,soja
6UhcEtq5v9-1,2009-2010,maiz
6YcJ2rYkh5-1,2007-2008,soja
6aGqnYhTFN-1,2006-2007,soja
6d4CRLLXVY-1,2012-2013,maiz
6g4Etvu1wt-1,2006-2007,cebada
6g4Etvu1wt-2,2006-2007,cebada
6laxXt9JCF-1,2007-2008,soja
6ljVCFoU51-1,2009-2010,colza
6ljVCFoU51-10,2009-2010,colza
6ljVCFoU51-11,2009-2010,colza
6ljVCFoU51-12,2009-2010,colza
6ljVCFoU51-13,2009-2010,colza
6ljVCFoU51-14,2009-2010,colza
6ljVCFoU51-15,2009-2010,colza
6ljVCFoU51-16,2009-2010,colza
6ljVCFoU51-17,2009-2010,colza
6ljVCFoU51-18,2009-2010,colza
6ljVCFoU51-19,2009-2010,colza
6ljVCFoU51-2,2009-2010,colza
6ljVCFoU51-20,2009-2010,colza
6ljVCFoU51-21,2009-2010,colza
6ljVCFoU51-22,2009-2010,colza
6ljVCFoU51-23,2009-2010,colza
6ljVCFoU51-24,2009-2010,colza
6ljVCFoU51-25,2009-2010,colza
6ljVCFoU51-26,2009-2010,colza
6ljVCFoU51-3,2009-2010,colza
6ljVCFoU51-4,2009-2010,colza
6ljVCFoU51-5,2009-2010,colza
6ljVCFoU51-6,2009-2010,colza
6ljVCFoU51-7,2009-2010,colza
6ljVCFoU51-8,2009-2010,colza
6ljVCFoU51-9,2009-2010,colza
6pD564mQGv-1,2009-2010,soja
70CJx5wzdH-1,2006-2007,soja
741ExOzcTa-1,2009-2010,soja
74PJ1NuChl-1,2006-2007,cebada
74UZR7DQXp-1,2012-2013,soja
78U2Ywp8M8-1,2012-2013,soja
78U2Ywp8M8-2,2012-2013,soja
7BJyDtFL7L-1,2010-2011,soja
7G6fFlOJXR-1,2007-2008,maiz
7I2P9ZSmuk-1,2007-2008,soja
7M7iPonFCr-1,2007-2008,soja
7SXXgJSfjC-1,2008-2009,girasol
7SxecklFy3-1,2009-2010,maiz
7XTDDizb2X-1,2007-2008,trigo
7a3qMMcdLH-1,2009-2010,soja
7a3qMMcdLH-2,2009-2010,soja
7dDX4ltKRF-1,2009-2010,soja
7dMOpE23yg-1,2006-2007,trigo
7fwqxvQPWx-1,2007-2008,soja
7kecFTiHDW-1,2009-2010,soja
7rO3cS5Ch3-1,2007-2008,soja
7rri6a6kjC-1,2006-2007,trigo
82HI9q91OY-1,2006-2007,soja
845Y4ga4cV-1,2005-2006,trigo
892kSUIXJ6-1,2010-2011,girasol
8Bg3TfnPdl-1,2009-2010,soja
8CPedUjAYh-1,2009-2010,trigo
8HAIr21m9G-1,2007-2008,soja
8NeIBgyKT2-1,2006-2007,soja
8NpzI1hMo2-1,2006-2007,maiz
8WHbSA6CNX-1,2009-2010,soja
8ZIrDLsyof-1,2006-2007,soja
8ZhvabeKuO-1,2007-2008,soja
8ZhvabeKuO-2,2007-2008,soja
8aYwan5kr5-1,2010-2011,soja
8dZlETO87k-1,2006-2007,soja
8h6bm0FqST-1,2006-2007,trigo
8kHCUvjBw9-1,2007-2008,soja
8nSNpteopC-1,2007-2008,soja
8qEcKlOXDp-1,2010-2011,soja
8qvQSnYOHk-1,2011-2012,cebada
8tIvJ5AauW-1,2009-2010,cebada
93tAcnW4Ru-1,2007-2008,soja
95VR1QwoEp-1,2007-2008,maiz
95q2MwSxAK-1,2009-2010,soja
95xvlOV8Ub-1,2006-2007,maiz
97DnQiGgsC-1,2007-2008,soja
97DnQiGgsC-2,2007-2008,soja
98GQ8w3BIz-1,2012-2013,soja
99ANZoojSs-1,2006-2007,trigo
99NQkpaq2x-1,2006-2007,maiz
99nwn9Vham-1,2010-2011,soja
9AkXMeQi29-1,2007-2008,cebada
9HALgFeddQ-1,2006-2007,soja
9IMhCSPEjN-1,2010-2011,soja
9IMhCSPEjN-2,2010-2011,soja
9KhBA5i6d9-1,2008-2009,trigo
9OTvbDtaep-1,2010-2011,soja
9OTvbDtaep-2,2010-2011,soja
9OTvbDtaep-3,2010-2011,soja
9PDrpFwmIR-1,2007-2008,maiz
9US6bu1jiy-1,2007-2008,maiz
9X9w9SDnyY-1,2008-2009,trigo
9XM3b5m7HL-1,2010-2011,maiz
9Z6tEoIb3E-1,2008-2009,trigo
9Z6tEoIb3E-2,2008-2009,trigo
9Z6tEoIb3E-3,2008-2009,trigo
9Z6tEoIb3E-4,2008-2009,trigo
9ZD8NUoPaX-1,2010-2011,soja
9bLvxRxnFH-1,2009-2010,soja
9fXC6XZgKJ-1,2012-2013,soja
9kTyrZAC09-1,2006-2007,maiz
9lXL8Tfh1P-1,2006-2007,soja
9tlNwlfUPi-1,2006-2007,trigo
9vojMh4XUw-1,2008-2009,soja
9vojMh4XUw-2,2008-2009,soja
9wX8X4u0T8-1,2007-2008,soja
9yYbqFPw1q-1,2009-2010,maiz
A37COPJ8SU-1,2007-2008,soja
A37COPJ8SU-2,2007-2008,soja
A37COPJ8SU-3,2007-2008,soja
A37COPJ8SU-4,2007-2008,soja
A37COPJ8SU-5,2007-2008,soja
A37COPJ8SU-6,2007-2008,soja
A7mh3QiYZZ-1,2006-2007,soja
A8q4hIPDr5-1,2007-2008,maiz
AGGp73z9HJ-1,2006-2007,soja
AN6REXodtE-1,2007-2008,soja
ATpFRb6ms4-1,2006-2007,soja
AVnLaXcaSK-1,2007-2008,cebada
AYBvrgbBmB-1,2010-2011,girasol
Aa2Y6fbMNe-1,2006-2007,soja
AcETIG2up6-1,2007-2008,maiz
AdtBgswaOo-1,2008-2009,soja
AdtBgswaOo-2,2008-2009,soja
AimgRZM66l-1,2006-2007,cebada
AlsWU5B3C4-1,2006-2007,maiz
Ar9tzjCDGC-1,2008-2009,trigo
AxwJC3jQqX-1,2009-2010,soja
B74Ymx254m-1,2007-2008,soja
BE4OxEqxGI-1,2012-2013,soja
BE4OxEqxGI-2,2012-2013,soja
BIENqcsrf7-1,2010-2011,soja
BITwDY3w2z-1,2011-2012,girasol
BJMfLJqYWR-1,2006-2007,soja
BKNh3TiPy3-1,2007-2008,soja
BLiWOoHFsv-1,2007-2008,girasol
BMd6U71ptk-1,2009-2010,soja
BSP9jaucz4-1,2006-2007,trigo
BYTT4T0afn-1,2007-2008,maiz
BYjHls2mYo-1,2007-2008,soja
BhAP6CBRTa-1,2007-2008,soja
BhFLLLg3V3-1,2007-2008,soja
Bhw7Su9nyv-1,2006-2007,soja
BlyfKXLRfH-1,2006-2007,soja
Bq97ZqrXPF-1,2007-2008,trigo
BrLkeiwCrP-1,2008-2009,cebada
BrLkeiwCrP-2,2008-2009,cebada
BsZOxfRj6h-1,2010-2011,soja
BtbNpaMK7S-1,2009-2010,soja
BuFHBrXYG4-1,2010-2011,maiz
Bv8FKfRzMh-1,2007-2008,soja
BxKmfvavSr-1,2010-2011,maiz
BxdqaKPX5L-1,2007-2008,maiz
C21x8cAvBh-1,2010-2011,soja
C3p3YGx3M7-1,2007-2008,soja
C448Lh4A4k-1,2012-2013,soja
C5TgDZSn7D-1,2010-2011,soja
C6CXNV24Ep-1,2012-2013,soja
C6CXNV24Ep-2,2012-2013,soja
C9bn6WUnZm-1,2006-2007,soja
C9tN6WyVND-1,2006-2007,trigo
CCFej5FHTL-1,2009-2010,soja
CHZnqplAh0-1,2006-2007,soja
CHZnqplAh0-2,2006-2007,soja
CHZnqplAh0-3,2006-2007,soja
CHZnqplAh0-4,2006-2007,soja
CIteev8x4e-1,2010-2011,soja
CNKtzYmpej-1,2006-2007,soja
CNKtzYmpej-2,2006-2007,soja
CNKtzYmpej-3,2006-2007,soja
CPjcY7i5PP-1,2007-2008,trigo
Cb1auMQcOc-1,2010-2011,soja
Ccb3h5pN4E-1,2008-2009,trigo
CdRgCuDOmc-1,2006-2007,maiz
CfbEiNe968-1,2010-2011,soja
ClRgLsnZIL-1,2008-2009,cebada
CoFbcyKrEP-1,2007-2008,soja
CoO9sPRxI3-1,2009-2010,maiz
CsE6p7svrG-1,2006-2007,soja
CsPQYMGgLP-1,2011-2012,girasol
CsPQYMGgLP-2,2011-2012,girasol
CsPQYMGgLP-3,2011-2012,girasol
Cstb2dCwHB-1,2010-2011,soja
Cstb2dCwHB-2,2010-2011,soja
Cstb2dCwHB-3,2010-2011,soja
D2TLq4rrNB-1,2012-2013,soja
D4nenGj9Sf-1,2007-2008,soja
D5tMmXlgVq-1,2006-2007,soja
D8rc4n7qK8-1,2007-2008,soja
D9XHonRuY9-1,2007-2008,trigo
DCuAYEKTZR-1,2006-2007,trigo
DDDwBmgxJg-1,2006-2007,cebada
DFEQlpSGV5-1,2007-2008,soja
DFEQlpSGV5-2,2007-2008,soja
DK0besSld6-1,2005-2006,trigo
DKLnUQEkjg-1,2008-2009,girasol
DLP6qQERLu-1,2008-2009,soja
DLUrvNnQHp-1,2009-2010,maiz
DMxrqD3Mt3-1,2007-2008,soja
DNuqGgirWe-1,2007-2008,soja
DQMxmY8Df4-1,2008-2009,cebada
DQjIyZRaXi-1,2011-2012,girasol
DQvyQEPFCZ-1,2007-2008,soja
DSMxUsrGEi-1,2010-2011,soja
DSMxUsrGEi-2,2010-2011,soja
DT3QzNbmiu-1,2012-2013,soja
DYFqMKSKwI-1,2006-2007,maiz
DYFqMKSKwI-2,2006-2007,maiz
Da14eiM4vE-1,2006-2007,soja
DgTfHCCPVR-1,2005-2006,trigo
DnRgIVxX9F-1,2012-2013,soja
DnSqswxtmr-1,2010-2011,maiz
DrCCMKFfWA-1,2006-2007,soja
DrCCMKFfWA-2,2006-2007,soja
DtsrYBqPtn-1,2007-2008,soja
DvnaNTGr7B-1,2009-2010,maiz
DyJg2ZcZ4h-1,2006-2007,soja
Dzqq3Hs5fI-1,2010-2011,maiz
E0bMUb9YXN-1,2010-2011,soja
E3GSfDHjjm-1,2005-2006,trigo
E5QNjIxiZv-1,2006-2007,soja
E5abI9ICr6-1,2007-2008,maiz
E9ruBh4nKA-1,2007-2008,soja
EBUxl0Oqa8-1,2010-2011,soja
EFcwGu26HB-1,2006-2007,trigo
EGw1BT05ED-1,2007-2008,cebada
ELnuvVt7wM-1,2006-2007,maiz
EOXVf6u0VX-1,2006-2007,maiz
EOhiGd544M-1,2008-2009,soja
EXRYdw7B3i-1,2007-2008,soja
EYMrBpNDp3-1,2006-2007,cebada
EZeIHOg5Xi-1,2006-2007,maiz
Eg1ZkLEjqN-1,2006-2007,soja
Egb7SBB1iU-1,2009-2010,soja
Ehvk52ZFxU-1,2007-2008,girasol
EkgDVTPw9P-1,2008-2009,trigo
EpVgBYaGnM-1,2006-2007,soja
EpnKsTRvsf-1,2007-2008,maiz
EwxY96VY82-1,2007-2008,soja
Ey1dSq86bf-1,2009-2010,soja
F4r2aG8D6D-1,2007-2008,soja
F9ALAO7U5Z-1,2006-2007,cebada
FAJGL2dJVk-1,2006-2007,soja
FDQuQiwLRr-1,2006-2007,soja
FDfO0a8jp6-1,2006-2007,soja
FENYcw2fyb-1,2006-2007,trigo
FLf3ITCnBm-1,2007-2008,soja
FM4JcQg2Zf-1,2007-2008,trigo
FMDzGtb6Qm-1,2007-2008,trigo
FMRRkhphPH-1,2006-2007,soja
FPchkwnIIx-1,2009-2010,soja
FPt1p123cM-1,2006-2007,soja
FTDWb2Uec3-1,2006-2007,soja
FZneLYtRH7-1,2007-2008,soja
FiLFuQCw3P-1,2007-2008,soja
FkblaFyljT-1,2007-2008,maiz
Fny6yTyx3b-1,2010-2011,maiz
FpNZJHnCO4-1,2007-2008,girasol
FpNZJHnCO4-2,2007-2008,girasol
FpNZJHnCO4-3,2007-2008,girasol
FplGaiYzIs-1,2007-2008,soja
Fu9hQUFdDW-1,2012-2013,soja
Fu9hQUFdDW-2,2012-2013,soja
Fu9hQUFdDW-3,2012-2013,soja
FueB6JLops-1,2007-2008,soja
FwdatctcMK-1,2006-2007,soja
FygXH3xGyq-1,2009-2010,trigo
G1iriw2WtG-1,2006-2007,trigo
G6IATcQKcP-1,2007-2008,soja
G7fahqn5VK-1,2008-2009,cebada
G8WRkCLnqU-1,2007-2008,soja
GBkhcVPSDo-1,2006-2007,trigo
GCBSOXlcDI-1,2007-2008,soja
GDiQ25w3Uh-1,2009-2010,girasol
GEd4DF4Bp3-1,2010-2011,soja
GFYu4387qo-1,2009-2010,soja
GHoqHHbAbP-1,2006-2007,maiz
GMhyCo44ii-1,2009-2010,soja
GMhyCo44ii-2,2009-2010,soja
GNzDgCGQc7-1,2009-2010,soja
GaUhJUu4Ef-1,2010-2011,soja
GctXVoZNjQ-1,2006-2007,maiz
GfzlmI8WTL-1,2008-2009,soja
Gjj49RbC4r-1,2006-2007,soja
GnY8kJIXA2-1,2006-2007,soja
GnjlMjbHQV-1,2007-2008,soja
GuSoKorIqx-1,2010-2011,soja
H3FeWm2jXc-1,2006-2007,soja
H3FeWm2jXc-2,2006-2007,soja
H3FeWm2jXc-3,2006-2007,soja
H5xmJ7Dxwx-1,2007-2008,maiz
H9ck2o3TZU-1,2008-2009,cebada
HCHdw9D7Ng-1,2010-2011,soja
HE7oaX1JIJ-1,2009-2010,soja
HED8tWoOXm-1,2007-2008,soja
HFQXWaP59g-1,2007-2008,soja
HYpnLiRtUx-1,2006-2007,soja
HcWGiVjhTm-1,2010-2011,girasol
HfblgxuHVg-1,2010-2011,soja
Hfj2kwDmsP-1,2007-2008,soja
Hjxz2GbHX7-1,2007-2008,cebada
HkW6qoRjVx-1,2007-2008,soja
HmVyQHwly4-1,2006-2007,soja
HnNeUgv9Uw-1,2007-2008,girasol
HnNeUgv9Uw-2,2007-2008,girasol
HntaLlAWjn-1,2007-2008,soja
HntaLlAWjn-2,2007-2008,soja
HntaLlAWjn-3,2007-2008,soja
HntaLlAWjn-4,2007-2008,soja
HnyGiUAoZe-1,2010-2011,soja
HuikGao8SC-1,2008-2009,soja
HwDVuhPkMX-1,2007-2008,maiz
Hy4vlyoOBK-1,2008-2009,cebada
HzD5d1LOAn-1,2010-2011,maiz
I323lQQiT2-1,2006-2007,soja
I6OwvUlW1d-1,2011-2012,girasol
I8TgTZVou4-1,2007-2008,soja
IACF19BRYh-1,2007-2008,soja
IBU1itpz9i-1,2007-2008,girasol
IFGmFGFJCg-1,2007-2008,maiz
IIGeqsbsYa-1,2007-2008,soja
IIGeqsbsYa-2,2007-2008,soja
IKd3qTNSBX-1,2006-2007,soja
IKd3qTNSBX-2,2006-2007,soja
ILvBHjMqrn-1,2006-2007,soja
INvk6Kp0Wt-1,2006-2007,soja
IQWeU7kHE2-1,2008-2009,trigo
IaBb1Cip3Y-1,2007-2008,soja
IaPGrPSdjI-1,2006-2007,maiz
IaPGrPSdjI-2,2006-2007,maiz
IceNU7SJcg-1,2010-2011,maiz
IeifECJEGN-1,2010-2011,maiz
IfJBini9D5-1,2010-2011,soja
IkbkkGKgva-1,2006-2007,cebada
Ikyh8VjAfZ-1,2007-2008,soja
IlemyZXQqj-1,2010-2011,soja
IlvVtp2iEa-1,2007-2008,soja
ImcCnt2EMn-1,2007-2008,soja
ImcCnt2EMn-2,2007-2008,soja
InVH8koxTN-1,2009-2010,maiz
Ip2UM6GGQh-1,2006-2007,soja
Iv6xrYMg83-1,2005-2006,trigo
Iy93Tblw6P-1,2007-2008,soja
IyWfIGrToG-1,2007-2008,soja
J5rkYK8RFA-1,2006-2007,maiz
JHVxM3mZ3l-1,2007-2008,soja
JHVxM3mZ3l-2,2007-2008,soja
JIkrE1BIsL-1,2007-2008,soja
JIkrE1BIsL-2,2007-2008,soja
JJPnjiFF4u-1,2006-2007,trigo
JQFf6ayw9V-1,2009-2010,girasol
JVQbRjgbKb-1,2012-2013,soja
JaPklmmE9a-1,2006-2007,soja
Jar3VXQPMt-1,2009-2010,soja
JcFd7RVXUV-1,2007-2008,maiz
JcGDYRRAsV-1,2008-2009,cebada
JdtS3zeFR9-1,2009-2010,maiz
JeVY0ptgsQ-1,2010-2011,soja
Jf5WwN8tAh-1,2007-2008,soja
JfBGCpfSAf-1,2009-2010,girasol
JfH4DdhdMj-1,2009-2010,soja
JieGmPHSrS-1,2007-2008,soja
Jl7Xg1WvAE-1,2007-2008,soja
JmlGKOi8kf-1,2006-2007,soja
JnaelSqwNO-1,2007-2008,soja
Jnx93Ok8Bd-1,2006-2007,cebada
JptXJDnL8d-1,2010-2011,soja
JpyjnCRe0G-1,2007-2008,maiz
Jw5uJ9or15-1,2010-2011,maiz
JxYmP5xVUW-1,2006-2007,soja
Jz7D9j1fnS-1,2007-2008,soja
K75C6C1zKL-1,2010-2011,soja
K9io75stev-1,2009-2010,soja
KADxymXBRK-1,2010-2011,soja
KD6VfT3R7F-1,2008-2009,soja
KGPuoweTyw-1,2008-2009,soja
KKxLOc3kgy-1,2009-2010,soja
KKxLOc3kgy-2,2009-2010,soja
KKxLOc3kgy-3,2009-2010,soja
KMP8xmbDeh-1,2007-2008,maiz
KOlAfLYUQt-1,2010-2011,soja
KSrwnBZ8Sv-1,2010-2011,maiz
KUEyrh6J1i-1,2011-2012,girasol
KUEyrh6J1i-2,2011-2012,girasol
KUEyrh6J1i-3,2011-2012,girasol
KUEyrh6J1i-4,2011-2012,girasol
KUEyrh6J1i-5,2011-2012,girasol
KYU4mdnaaN-1,2006-2007,maiz
KZNq25Rc4O-1,2010-2011,girasol
KcKTtEs7Fj-1,2009-2010,soja
KdkXpLahAx-1,2006-2007,soja
KeNTXNDkaT-1,2007-2008,soja
KeNgJHfn2w-1,2010-2011,soja
KhExUspe8Q-1,2007-2008,soja
KhSTSNsu1B-1,2009-2010,soja
Kj7wNxYwZX-1,2007-2008,soja
Kkk2QyFjDV-1,2006-2007,maiz
KsbBFX8YOZ-1,2006-2007,soja
KtTlfMxboI-1,2011-2012,cebada
KyEO2lLIOC-1,2006-2007,soja
KztgxOZofn-1,2010-2011,soja
L2HYF5S5x5-1,2007-2008,soja
L3M6EG3Ifh-1,2007-2008,soja
L8Bqxlj8pv-1,2006-2007,soja
LB5GnRTa5r-1,2008-2009,soja
LB5GnRTa5r-2,2008-2009,soja
LBuhhkxXNT-1,2006-2007,soja
LON6vMNwjg-1,2009-2010,soja
LOvQ3dEU3B-1,2007-2008,trigo
LW5ehnSQwf-1,2010-2011,soja
LYv9NsqWql-1,2010-2011,soja
Lbyg20HApf-1,2007-2008,soja
LgPFj3LSfl-1,2010-2011,soja
Lhj9cfeWmb-1,2009-2010,trigo
LjCkiPxGkO-1,2006-2007,soja
LkcUxKNWvz-1,2010-2011,soja
LleHKf97Qt-1,2006-2007,soja
M3AUFSbwz4-1,2007-2008,trigo
M5bGkFCrDG-1,2006-2007,soja
M70FSxMrVT-1,2006-2007,soja
MBDQNFPSgf-1,2006-2007,maiz
MGhuRBjE4Z-1,2010-2011,soja
MHWsyeBDgU-1,2006-2007,cebada
MJ8KW7CrNQ-1,2007-2008,maiz
MJCvxyTX6L-1,2006-2007,soja
MK7jCHNYc5-1,2007-2008,maiz
MNIYxjLpce-1,2009-2010,maiz
MPZ6vjv58F-1,2009-2010,maiz
MQR5vM5DMv-1,2006-2007,soja
MRXZFxHVeA-1,2007-2008,cebada
MTUQMDLnlj-1,2007-2008,soja
MTfDI1vivQ-1,2012-2013,soja
MVfjDiDu8C-1,2008-2009,cebada
MZLPV3cHST-1,2007-2008,soja
MaasQ5dMBL-1,2006-2007,soja
MaasQ5dMBL-2,2006-2007,soja
MaasQ5dMBL-3,2006-2007,soja
MaasQ5dMBL-4,2006-2007,soja
MbUGxInjyK-1,2011-2012,soja
McL35kq5eR-1,2012-2013,soja
MeRVwKXx7g-1,2006-2007,soja
MgAH40wGQT-1,2011-2012,cebada
Mk5tcgbtmI-1,2006-2007,soja
MmkXoVUZDY-1,2007-2008,soja
Mp292JBFlU-1,2012-2013,soja
MvtC6xuU3R-1,2010-2011,soja
Mxmo4Nj58S-1,2008-2009,trigo
My9DX42kB5-1,2012-2013,maiz
N5QW98RAcd-1,2007-2008,soja
N6CTdqUkep-1,2012-2013,soja
N7QjA8y9Ny-1,2007-2008,soja
N9ZPIaiTpV-1,2007-2008,soja
NAxdBVtcz0-1,2008-2009,cebada
NCQ7L3mzZY-1,2006-2007,soja
NDjlJlHyee-1,2012-2013,soja
NDjlJlHyee-2,2012-2013,soja
NDjlJlHyee-3,2012-2013,soja
NDjlJlHyee-4,2012-2013,soja
NHwTmcwo34-1,2007-2008,maiz
NLPlkF6iDx-1,2006-2007,maiz
NLPlkF6iDx-2,2006-2007,maiz
NLPlkF6iDx-3,2006-2007,maiz
NLu2d6icQC-1,2006-2007,soja
NOQEltyQjD-1,2007-2008,soja
NUdoZZCemX-1,2009-2010,soja
NYvSc9zUHU-1,2007-2008,soja
NeIeBVIOAe-1,2006-2007,cebada
NhWXyZYuqx-1,2006-2007,trigo
NljxZjmWzi-1,2007-2008,cebada
NuO128kDse-1,2010-2011,soja
NuO128kDse-2,2010-2011,soja
Nux2KbKdiO-1,2006-2007,trigo
Nv3htuWkdg-1,2010-2011,soja
NvWhP7eIOe-1,2006-2007,soja
NvarppCk8Z-1,2008-2009,trigo
Nwxlh1rmNY-1,2011-2012,soja
O2JIE1BBbZ-1,2007-2008,soja
O4wmHvwtCZ-1,2007-2008,soja
O4wmHvwtCZ-2,2007-2008,soja
O4wmHvwtCZ-3,2007-2008,soja
O4wmHvwtCZ-4,2007-2008,soja
O69E6REnm3-1,2007-2008,soja
O8XcBLnS1x-1,2006-2007,maiz
O9nA68aB5T-1,2009-2010,soja
OC98Ft4Sgx-1,2007-2008,cebada
ODhAqZij2a-1,2007-2008,cebada
OE51X7s7rZ-1,2012-2013,maiz
OHDolM5TRa-1,2006-2007,soja
OMmnNIcWTi-1,2007-2008,trigo
OO8Lf7dQas-1,2010-2011,soja
OOxDzrLGEU-1,2006-2007,soja
OQe8UmZ7zd-1,2006-2007,soja
OQjJ4xev0c-1,2006-2007,soja
OS6iK6Qce8-1,2006-2007,soja
OS6iK6Qce8-2,2006-2007,soja
OS6iK6Qce8-3,2006-2007,soja
OS6iK6Qce8-4,2006-2007,soja
OS6iK6Qce8-5,2006-2007,soja
OTB2jwkh4u-1,2007-2008,soja
OUyriXL3cX-1,2006-2007,cebada
OWnsx5ZLZd-1,2005-2006,maiz
OYNPsOm7Hg-1,2007-2008,soja
Ogqw2EzEI2-1,2006-2007,maiz
Ogry7ot9Ln-1,2007-2008,soja
Oi9hdPtx53-1,2006-2007,soja
Oi9hdPtx53-2,2006-2007,soja
OqYt6h2HyL-1,2006-2007,trigo
Or1K2NEst4-1,2007-2008,cebada
OrCfjOvRu6-1,2006-2007,trigo
OsSsgm6lRC-1,2010-2011,girasol
OtuTka3HCl-1,2009-2010,soja
OuAAeJj7D4-1,2006-2007,soja
OuzBErYbc8-1,2007-2008,cebada
OuzBErYbc8-2,2007-2008,cebada
Ov9rTn4HKm-1,2008-2009,soja
Ov9rTn4HKm-2,2008-2009,soja
Ov9rTn4HKm-3,2008-2009,soja
Ovq6vf1BXF-1,2009-2010,soja
Ox1SwMbT9x-1,2008-2009,girasol
Ox1SwMbT9x-10,2008-2009,girasol
Ox1SwMbT9x-11,2008-2009,girasol
Ox1SwMbT9x-2,2008-2009,girasol
Ox1SwMbT9x-3,2008-2009,girasol
Ox1SwMbT9x-4,2008-2009,girasol
Ox1SwMbT9x-5,2008-2009,girasol
Ox1SwMbT9x-6,2008-2009,girasol
Ox1SwMbT9x-7,2008-2009,girasol
Ox1SwMbT9x-8,2008-2009,girasol
Ox1SwMbT9x-9,2008-2009,girasol
Ox9ks3kALy-1,2006-2007,soja
OxIbtUpcfE-1,2006-2007,cebada
OxwgSEwnPe-1,2008-2009,soja
OyJNfLOwVE-1,2010-2011,maiz
P0tcTlZ6La-1,2006-2007,cebada
P0tcTlZ6La-2,2006-2007,cebada
P2DTrwcY2g-1,2007-2008,trigo
P2eQeII74v-1,2007-2008,trigo
P3Bd91k2xc-1,2006-2007,soja
P6fJdB7DYq-1,2007-2008,soja
P8WpOgnFU1-1,2007-2008,soja
P9XDhnkjE6-1,2010-2011,maiz
PBR4TiRAoy-1,2008-2009,soja
PHKTawtHyT-1,2010-2011,maiz
PJp9oiWSay-1,2006-2007,soja
PJp9oiWSay-2,2006-2007,soja
PKUUaIu4s0-1,2009-2010,soja
PKrH5QbErq-1,2007-2008,soja
PLqRe6vtAe-1,2010-2011,soja
PO1YBss3TI-1,2007-2008,cebada
PO1YBss3TI-2,2007-2008,cebada
PTWoVSN3JZ-1,2007-2008,soja
PXrsKXFI84-1,2006-2007,soja
PZ1na3vLGo-1,2007-2008,soja
Pbu1xOc7wA-1,2007-2008,soja
Pe3wAPoU8K-1,2008-2009,trigo
PgHhYU3RTr-1,2011-2012,girasol
PhLbRpKyMl-1,2012-2013,soja
Pj80skOegm-1,2011-2012,cebada
PpjufNtnTT-1,2007-2008,cebada
PpxaydcWJh-1,2006-2007,soja
PsCRB56JSW-1,2007-2008,soja
Pw2XgvaR6v-1,2006-2007,soja
PxkskOiJC4-1,2010-2011,soja
Pyg7rjNwd2-1,2007-2008,soja
QCkhphq3oF-1,2007-2008,cebada
QEjjCxNsgA-1,2007-2008,cebada
QFMeoqoB1r-1,2010-2011,girasol
QFYVMrKjVq-1,2007-2008,cebada
QJOJLqi2CV-1,2006-2007,trigo
QKRuhumZjG-1,2008-2009,soja
QKRuhumZjG-2,2008-2009,soja
QMReQwi14T-1,2006-2007,soja
QNMWy9WE0y-1,2007-2008,trigo
QQMwTopBi3-1,2007-2008,soja
QQaQrKBmtt-1,2006-2007,cebada
QQaQrKBmtt-2,2006-2007,cebada
QSfdW1Qprh-1,2006-2007,soja
QUypFzrUQL-1,2007-2008,maiz
QVEk7faRew-1,2007-2008,soja
QYmnTlsT9h-1,2007-2008,trigo
QZTdwUDvwi-1,2007-2008,soja
Qc3eGA6lha-1,2009-2010,maiz
Qcu4iiB7uY-1,2010-2011,soja
Qcv1Kd2C4I-1,2009-2010,maiz
QdWh8HE1Jo-1,2007-2008,maiz
QdWh8HE1Jo-2,2007-2008,maiz
QgEMQJdxjD-1,2008-2009,cebada
Qiaydlr4qo-1,2009-2010,cebada
Ql71IhZCvE-1,2007-2008,maiz
Qp13yltVqb-1,2007-2008,cebada
Qp13yltVqb-2,2007-2008,cebada
Qp13yltVqb-3,2007-2008,cebada
Qp13yltVqb-4,2007-2008,cebada
QyHJBt2l80-1,2007-2008,soja
R094hu1VDJ-1,2006-2007,cebada
R17UyjFKVG-1,2007-2008,trigo
R17UyjFKVG-2,2007-2008,trigo
R17UyjFKVG-3,2007-2008,trigo
R17UyjFKVG-4,2007-2008,trigo
R38Wk9wwOj-1,2009-2010,soja
R3TgE3DyRr-1,2007-2008,soja
RAOFVAR9UN-1,2006-2007,soja
RAOFVAR9UN-2,2006-2007,soja
RDkhlznE5l-1,2006-2007,maiz
RF2ti6Oif4-1,2010-2011,cebada
RKOVd3Gh3H-1,2009-2010,maiz
RNTBRPMGkB-1,2008-2009,soja
RPmCH2DSK6-1,2009-2010,soja
RRCZSU40Ah-1,2009-2010,soja
RS4i7ubinA-1,2006-2007,soja
RTHbfofiZq-1,2006-2007,soja
RTYvBsQ6wd-1,2012-2013,maiz
RWbM4uYrGg-1,2009-2010,cebada
RWwiiQeScb-1,2006-2007,maiz
RZEN2YySVi-1,2006-2007,soja
RZdn5bwcpx-1,2006-2007,soja
RZo6ILsgWS-1,2006-2007,soja
RZo6ILsgWS-2,2006-2007,soja
Rb7LYN27bX-1,2008-2009,cebada
RcukBsUWi7-1,2011-2012,cebada
RdtMDxqhT7-1,2010-2011,maiz
RghtV3iNLZ-1,2007-2008,soja
RjY3iExg5h-1,2011-2012,girasol
Rlk4TrTRHp-1,2006-2007,soja
RlrEF34xD6-1,2007-2008,soja
RmHqX4dKHm-1,2009-2010,soja
RmpOm1rn66-1,2006-2007,cebada
RoGBZWkOeD-1,2006-2007,trigo
RuBdft2d9m-1,2011-2012,cebada
RvQSeOeMVN-1,2007-2008,soja
S38e0sFSj9-1,2006-2007,maiz
S3uEEmZu0B-1,2008-2009,soja
S81ixCi7id-1,2006-2007,soja
SAjJbOPXIZ-1,2006-2007,soja
SELfJzgfNq-1,2007-2008,soja
SH5dCwmYlj-1,2012-2013,soja
SInPmDGpMH-1,2007-2008,soja
SRyokjKc6q-1,2007-2008,soja
SSk6dyIgFK-1,2007-2008,soja
STTRWB6PY3-1,2008-2009,trigo
SZHHXPKPcq-1,2006-2007,trigo
SZZ8JmqWhz-1,2008-2009,cebada
SaBl7TVgmY-1,2007-2008,soja
SbuZcDHBPD-1,2012-2013,soja
SbuZcDHBPD-2,2012-2013,soja
SdiJxvkNwn-1,2012-2013,maiz
SeDHmbEOEy-1,2007-2008,girasol
Seoat9GM8c-1,2006-2007,trigo
SiUldFL2ar-1,2010-2011,soja
SjBgAwWcD2-1,2008-2009,soja
StVLBTPRCj-1,2010-2011,girasol
SvWjCEq3II-1,2006-2007,soja
SvXvd1V9pQ-1,2006-2007,soja
SweUzhSONu-1,2010-2011,maiz
T15pfZWbi1-1,2007-2008,soja
T1i8ddNrEw-1,2009-2010,maiz
T1i8ddNrEw-2,2009-2010,maiz
T2AoMW1PkF-1,2006-2007,maiz
T2gu5AdXKS-1,2010-2011,soja
T66cKnLI44-1,2006-2007,maiz
T6pnnOojcT-1,2007-2008,maiz
T77Pv2ZgKU-1,2006-2007,maiz
TAEsAQUyHY-1,2009-2010,maiz
TCi7pKb3fp-1,2012-2013,soja
TCi7pKb3fp-2,2012-2013,soja
TFyvdoqIdg-1,2006-2007,cebada
TGfTUdsUFM-1,2007-2008,maiz
TImUGu7QqI-1,2008-2009,trigo
TImUGu7QqI-2,2008-2009,trigo
TN4Dh7BM3B-1,2012-2013,soja
TRvpkfhGrK-1,2006-2007,soja
TS8EhiwGiF-1,2008-2009,soja
TS8EhiwGiF-2,2008-2009,soja
TUDjAS12R7-1,2006-2007,soja
TUDjAS12R7-2,2006-2007,soja
TXermA2EJV-1,2006-2007,soja
Tb3jsK4Mvm-1,2010-2011,soja
Tb4XYpWNEg-1,2009-2010,soja
Tg61ElKgS4-1,2009-2010,cebada
TgqrsLyErC-1,2007-2008,soja
ThkMCAQ7vg-1,2006-2007,soja
TmZgeOvbBE-1,2007-2008,soja
TnSdFOn4uj-1,2005-2006,trigo
Tp86L6RhcN-1,2006-2007,soja
TqIUHGLChk-1,2006-2007,trigo
TqIUHGLChk-2,2006-2007,trigo
TxqfKhT1wo-1,2010-2011,soja
Tz4xBkQ2tb-1,2008-2009,soja
Tz4xBkQ2tb-2,2008-2009,soja
TzWB7OtTLX-1,2007-2008,soja
U3kDHqfhfQ-1,2006-2007,soja
U4LKDA3jcd-1,2007-2008,soja
U52XAkJkEn-1,2007-2008,soja
U6F1XHRU6f-1,2005-2006,trigo
U6gl2gws0k-1,2007-2008,soja
U6gl2gws0k-2,2007-2008,soja
U6gl2gws0k-3,2007-2008,soja
U6gl2gws0k-4,2007-2008,soja
U9nNlsBsjV-1,2010-2011,girasol
UBJSqczC4f-1,2005-2006,trigo
UEDSEFipWG-1,2006-2007,soja
UFfXYl67YJ-1,2010-2011,soja
ULIya4obFB-1,2007-2008,soja
ULIya4obFB-2,2007-2008,soja
ULj3ILqN5i-1,2012-2013,soja
UPqgqDwGgd-1,2009-2010,soja
UVwh1rPQcl-1,2006-2007,soja
UWhZ5KFUew-1,2010-2011,soja
UaDQ67H8pV-1,2006-2007,soja
UaYvGJ4rAT-1,2007-2008,soja
UaYvGJ4rAT-2,2007-2008,soja
Ucch7PyPMB-1,2007-2008,maiz
UeGfGHrx7u-1,2007-2008,cebada
Um4s6Rd5p8-1,2010-2011,soja
Um4s6Rd5p8-2,2010-2011,soja
UnLQ1a7pOl-1,2007-2008,girasol
Uo2q5dh9ne-1,2007-2008,soja
UqRmsCuSJk-1,2006-2007,trigo
UwKrzhIYiK-1,2007-2008,girasol
V4ObPwyQ4a-1,2006-2007,maiz
V84TwoDHRK-1,2009-2010,soja
V8GPcuKv32-1,2006-2007,trigo
V9DS3q1iKm-1,2007-2008,soja
V9DS3q1iKm-2,2007-2008,soja
V9DS3q1iKm-3,2007-2008,soja
V9DS3q1iKm-4,2007-2008,soja
V9Ylvn1B8D-1,2007-2008,trigo
VDMoSNHSgu-1,2007-2008,soja
VEl40pUn27-1,2007-2008,soja
VHrIaph3BW-1,2010-2011,soja
VHsHG2BFv8-1,2006-2007,trigo
VKMTQHN2PE-1,2007-2008,soja
VP9ItPD1q4-1,2008-2009,soja
VRtqFOGT90-1,2006-2007,trigo
VY57JoNdVJ-1,2006-2007,soja
VhSNwhQ0fd-1,2006-2007,soja
VlERWKlNLI-1,2006-2007,soja
VnP2Wn9B7X-1,2006-2007,soja
VnPPVJJpC9-1,2006-2007,trigo
VpCkUiWXS4-1,2006-2007,cebada
VqGLpxMr9a-1,2006-2007,soja
Vv5C2y6QGY-1,2006-2007,maiz
W1INZU32ZM-1,2006-2007,maiz
W2EZTAMB3w-1,2010-2011,maiz
W4rwk9mqkk-1,2007-2008,trigo
W66KuXt9n0-1,2007-2008,girasol
W6JuFCKg9c-1,2008-2009,trigo
W6VUo62jo6-1,2006-2007,soja
W6jEhLJbKb-1,2007-2008,soja
WCnKlDdKuK-1,2010-2011,maiz
WDglYXVwzX-1,2006-2007,soja
WFl2WtmLrG-1,2007-2008,trigo
WISM2t4Gmj-1,2007-2008,maiz
WLMBi835T7-1,2007-2008,soja
WNIEMT3QXk-1,2007-2008,trigo
WTJkzzj7jz-1,2008-2009,cebada
Wh4Jek4z1d-1,2006-2007,soja
WhB8ndKye3-1,2007-2008,trigo
WhDMZVLHwL-1,2007-2008,soja
WhDMZVLHwL-2,2007-2008,soja
WjOLyUFLrI-1,2007-2008,trigo
WlvX1rnkjH-1,2007-2008,trigo
WlvX1rnkjH-2,2007-2008,trigo
Wp4pj9g547-1,2010-2011,girasol
WvWUxRVFEz-1,2007-2008,trigo
WxVQXEZMbd-1,2007-2008,cebada
X55g1QDEmK-1,2012-2013,soja
X55g1QDEmK-2,2012-2013,soja
X5DCa4qoNt-1,2006-2007,soja
X7N3OQY12r-1,2010-2011,maiz
X8HvuVnmti-1,2006-2007,soja
XAL5VTYABZ-1,2007-2008,soja
XCj4ghVBwj-1,2006-2007,soja
XDKgY1vEeZ-1,2010-2011,soja
XHP6L8KIoP-1,2006-2007,soja
XKeMlrML4V-1,2007-2008,cebada
XLi3vBoLob-1,2006-2007,soja
XRtLx7PW7e-1,2011-2012,cebada
XSivDO4NmV-1,2008-2009,soja
XYWN6oAvuh-1,2010-2011,soja
XZd7n7OCNJ-1,2005-2006,trigo
XakZyu9Sh4-1,2007-2008,soja
XcBg1myAgB-1,2009-2010,maiz
Xebk8eb9Nv-1,2010-2011,maiz
Xebk8eb9Nv-2,2010-2011,maiz
Xfbn6EhPAl-1,2007-2008,maiz
XhLiOVfu8r-1,2007-2008,soja
XhLiOVfu8r-2,2007-2008,soja
XhLiOVfu8r-3,2007-2008,soja
Xj45YRpYq3-1,2011-2012,soja
Xn0kwIPZKY-1,2009-2010,soja
Xog3UzJMS8-1,2007-2008,maiz
Xre98OPKHc-1,2005-2006,trigo
XyZ8qPy3A7-1,2007-2008,soja
Xzj58H93Hc-1,2007-2008,soja
Y0nXGW3QLc-1,2011-2012,girasol
Y20OgU5JNV-1,2007-2008,soja
Y4F5FLT9po-1,2007-2008,soja
Y59PTvQLjV-1,2012-2013,soja
Y8Y0otscTC-1,2008-2009,maiz
Y8iyVSHTBr-1,2007-2008,soja
YAypFhwArn-1,2007-2008,soja
YCcXaZmofE-1,2009-2010,girasol
YD9gs19Bvm-1,2006-2007,soja
YDvp4jNlDc-1,2012-2013,soja
YF4xcjLl2v-1,2008-2009,soja
YHGftPhLcc-1,2010-2011,soja
YHMDYgtinK-1,2006-2007,soja
YN1nsOxDmp-1,2008-2009,trigo
YOOrAdMLhL-1,2008-2009,cebada
YS35ilaTU5-1,2006-2007,soja
YVTULWEiIQ-1,2006-2007,soja
YWyVMjB403-1,2008-2009,cebada
YYB8g2Xe5h-1,2007-2008,soja
YcH5i7tAqQ-1,2007-2008,soja
YdIuzBqJnK-1,2007-2008,soja
YeTLRw7KQH-1,2012-2013,soja
YgQ8N6XJgi-1,2006-2007,trigo
YiNDyAcGcU-1,2007-2008,soja
YlUDukQHCP-1,2007-2008,soja
YlUDukQHCP-2,2007-2008,soja
YoSyeZvgGs-1,2007-2008,soja
Yon9lVUnS7-1,2008-2009,cebada
YqAo1n6jD4-1,2007-2008,soja
YrCwsd2YLb-1,2009-2010,soja
YrCwsd2YLb-2,2009-2010,soja
YrCwsd2YLb-3,2009-2010,soja
YrCwsd2YLb-4,2009-2010,soja
YtCQ5JvOlj-1,2007-2008,cebada
YxcEkeuhXu-1,2008-2009,soja
YxsoXgWMQ3-1,2007-2008,cebada
Yxu8TuLmj6-1,2007-2008,trigo
Yyl2fyb8nj-1,2007-2008,soja
Z1wBlx1nRa-1,2010-2011,maiz
Z3dzMeMHr4-1,2006-2007,soja
Z5QgHp6axY-1,2006-2007,soja
ZFjk0fflsl-1,2007-2008,soja
ZGL5gsJHGu-1,2012-2013,soja
ZLiVrOdsSD-1,2007-2008,soja
ZLiVrOdsSD-2,2007-2008,soja
ZPqjUgsAfF-1,2007-2008,maiz
ZTmu55jTwe-1,2009-2010,trigo
ZU2MJ6j2Br-1,2011-2012,girasol
ZWm1tjiKjO-1,2006-2007,maiz
ZZAn1g8m4T-1,2006-2007,trigo
ZbJFebipPs-1,2008-2009,trigo
Zcbtupt61V-1,2008-2009,soja
ZeMKMC3EEr-1,2007-2008,soja
ZnrPBqidTh-1,2009-2010,soja
Zpve0w2Ad6-1,2005-2006,trigo
Zw5AgEo3yS-1,2006-2007,soja
Zw5AgEo3yS-2,2006-2007,soja
Zyn5OmEYeR-1,2006-2007,soja
Zyn5OmEYeR-2,2006-2007,soja
a0prIyhRz6-1,2008-2009,girasol
a1tNLGq0zH-1,2006-2007,maiz
a4OM6oLLYY-1,2007-2008,soja
a5yFvDyt3t-1,2007-2008,maiz
a7jaVQ5ZjS-1,2011-2012,girasol
aA4SeaBcUM-1,2007-2008,trigo
aBOJrq7kdr-1,2007-2008,cebada
aDJQ16oqpR-1,2007-2008,soja
aL0fNdRKrf-1,2007-2008,soja
aLMFOMl2Nx-1,2006-2007,cebada
aLMFOMl2Nx-2,2006-2007,cebada
aQnWE4YyF5-1,2011-2012,trigo
aQnWE4YyF5-2,2011-2012,trigo
abRCN2RMnC-1,2006-2007,soja
aiQGAwpnDn-1,2010-2011,girasol
ajIj79DYmg-1,2006-2007,maiz
akM1Isbhxk-1,2008-2009,soja
akWpbsA4C7-1,2006-2007,cebada
anhaGoA1YM-1,2008-2009,soja
anpHZOo5Lo-1,2010-2011,soja
aohQuCjNwU-1,2006-2007,maiz
apSM2TJ8W2-1,2008-2009,trigo
as6Ye17nLE-1,2006-2007,soja
as6Ye17nLE-2,2006-2007,soja
atuitmTJRA-1,2006-2007,cebada
avBur9Mowc-1,2010-2011,maiz
avfDcNC3GG-1,2010-2011,soja
awfcgYwkus-1,2007-2008,soja
axqVQtV59v-1,2009-2010,soja
ayaYXje3Im-1,2006-2007,soja
b14hiOn92R-1,2008-2009,cebada
b8MxOU7JQq-1,2007-2008,soja
bAkeiNNEvO-1,2009-2010,soja
bDEWgy7jGJ-1,2012-2013,maiz
bEDQDLVXqN-1,2006-2007,soja
bFxJ9TMrqh-1,2006-2007,soja
bILIYDClFO-1,2007-2008,soja
bNswSRfW0Z-1,2010-2011,soja
bNswSRfW0Z-2,2010-2011,soja
bSU87laXkY-1,2007-2008,trigo
bSU87laXkY-2,2007-2008,trigo
bSU87laXkY-3,2007-2008,trigo
bSU87laXkY-4,2007-2008,trigo
bSU87laXkY-5,2007-2008,trigo
bSU87laXkY-6,2007-2008,trigo
bT2BjNyT7u-1,2011-2012,girasol
bT2BjNyT7u-2,2011-2012,girasol
bUM5Yi4YtB-1,2006-2007,soja
bUM5Yi4YtB-2,2006-2007,soja
bVGhSdf1aF-1,2007-2008,soja
bXFcwo4WVp-1,2011-2012,girasol
bXWmrcYlWA-1,2005-2006,trigo
bYS9oHvGCU-1,2005-2006,trigo
bZSMK6XLAw-1,2011-2012,cebada
bZaVaYuDfr-1,2010-2011,soja
baL8gQnXpF-1,2006-2007,trigo
bhTebZ6Fev-1,2006-2007,soja
blNWp7E1E9-1,2006-2007,soja
blNWp7E1E9-2,2006-2007,soja
bmCxkaRqtr-1,2006-2007,soja
bmMjsgpKPT-1,2007-2008,cebada
bn4kT3geXQ-1,2010-2011,soja
bnOva3rByK-1,2009-2010,maiz
bnOva3rByK-2,2009-2010,maiz
bnqNTkepEM-1,2006-2007,soja
bp04ypLu6X-1,2010-2011,girasol
brjZe4gr1c-1,2010-2011,soja
btWH3VcbJW-1,2010-2011,soja
c1WFRRjURw-1,2006-2007,soja
c4FEkBhHEl-1,2009-2010,maiz
c7FaninjVE-1,2007-2008,cebada
c7NOiLtkwr-1,2006-2007,soja
c8UEYSK5Ch-1,2006-2007,soja
c8kiNNw4bT-1,2009-2010,soja
c9YLN3C43i-1,2005-2006,trigo
c9YLN3C43i-2,2005-2006,trigo
cALHJTfinw-1,2009-2010,soja
cDW0favRWc-1,2008-2009,soja
cFQyDDXLQC-1,2007-2008,soja
cFiNwX8WlI-1,2010-2011,soja
cFiNwX8WlI-2,2010-2011,soja
cHw6uua8qX-1,2006-2007,soja
cIUBgSq8Cw-1,2010-2011,maiz
cJOZUfJpXB-1,2006-2007,trigo
cJrB7WJRn3-1,2007-2008,maiz
cMCwxbCKqY-1,2006-2007,trigo
cPXcP97LBw-1,2007-2008,soja
cRiZCZtTE3-1,2006-2007,trigo
cSMGbq3Bx3-1,2007-2008,soja
cW2s5uCQFI-1,2010-2011,maiz
ceWR4bbys5-1,2006-2007,maiz
cfp76BKRz6-1,2006-2007,cebada
ciXqbhH6gY-1,2007-2008,soja
cigyovFrEu-1,2007-2008,soja
cigyovFrEu-2,2007-2008,soja
cjHU1XWCmS-1,2007-2008,soja
cluI5XSCk1-1,2007-2008,soja
cluI5XSCk1-2,2007-2008,soja
cluI5XSCk1-3,2007-2008,soja
cluI5XSCk1-4,2007-2008,soja
cluI5XSCk1-5,2007-2008,soja
cmFycIJXty-1,2010-2011,soja
co5hNAOxE0-1,2009-2010,trigo
cogFUXe2Qp-1,2007-2008,soja
ct8Drf71yJ-1,2009-2010,soja
cysQ4HDIps-1,2010-2011,soja
czRSK7SxGe-1,2006-2007,maiz
d1MbtD6tE3-1,2007-2008,maiz
d2WDpN3aWj-1,2007-2008,trigo
d30S7ZkjCC-1,2006-2007,soja
d3DAIeb293-1,2007-2008,cebada
d3DAIeb293-2,2007-2008,cebada
d8JMlsYBiO-1,2007-2008,cebada
dBPfEUuEyP-1,2010-2011,maiz
dEmUBohA30-1,2007-2008,girasol
dEtyiGKtIQ-1,2007-2008,soja
dF5DV5iZ6Q-1,2007-2008,soja
dFvqNJMChw-1,2006-2007,trigo
dGek69v2hg-1,2010-2011,soja
dLsfVvaLIM-1,2008-2009,trigo
dPty8MuncJ-1,2006-2007,soja
dRPU9Gh6WO-1,2006-2007,soja
dRt9RKQN5P-1,2008-2009,soja
dSwj5HXQYc-1,2006-2007,cebada
dYk5DB2vC6-1,2009-2010,maiz
deHMmu1BmF-1,2006-2007,trigo
dkv41I5tbX-1,2007-2008,soja
dmTrCIRkRK-1,2009-2010,cebada
dmY0nrsPZq-1,2006-2007,maiz
duHXEeCeMC-1,2006-2007,trigo
dxqMvwJqRC-1,2006-2007,soja
e1q5FxOvUB-1,2007-2008,cebada
e1q5FxOvUB-2,2007-2008,cebada
e1q5FxOvUB-3,2007-2008,cebada
e1q5FxOvUB-4,2007-2008,cebada
e1q5FxOvUB-5,2007-2008,cebada
e1q5FxOvUB-6,2007-2008,cebada
e1q5FxOvUB-7,2007-2008,cebada
e2e5YoDzyq-1,2009-2010,trigo
e7g9aHSWLL-1,2005-2006,soja
eDIJDwAHer-1,2007-2008,soja
eDl1i5mAM1-1,2010-2011,soja
eFlbxV2cxd-1,2010-2011,soja
eHoMMXnpBf-1,2007-2008,soja
eIdBEC4G1D-1,2010-2011,soja
eKbuqwOkNF-1,2009-2010,cebada
eKzQLiU8sr-1,2006-2007,soja
eLHGh7q4Qx-1,2005-2006,trigo
eLy9Ik9gbj-1,2006-2007,cebada
eNXPTBOlrd-1,2006-2007,soja
eNXPTBOlrd-2,2006-2007,soja
eQ1PxpuSP7-1,2007-2008,soja
eR4OXCegFv-1,2006-2007,maiz
eTNWpGpcVP-1,2006-2007,soja
eTNWpGpcVP-2,2006-2007,soja
eW6DAAlOL5-1,2006-2007,trigo
edBd6LhAMO-1,2006-2007,trigo
eduRi0GCmg-1,2009-2010,cebada
efMJkUrNWZ-1,2009-2010,girasol
eiOCttMNh4-1,2006-2007,soja
elAd06qz0t-1,2007-2008,soja
elYDTHPGu5-1,2010-2011,soja
eouWtqCu2j-1,2008-2009,soja
euSiO5tC3s-1,2012-2013,maiz
evE05oxD8O-1,2006-2007,maiz
evhdlxLi7D-1,2007-2008,soja
evhdlxLi7D-2,2007-2008,soja
evhdlxLi7D-3,2007-2008,soja
f0KaPEMFNZ-1,2008-2009,soja
f2t0GoQSlT-1,2011-2012,girasol
f5cuR3E61x-1,2007-2008,soja
fDyAEg44gC-1,2007-2008,soja
fIhOAQLCxF-1,2009-2010,maiz
fTJaCENeWp-1,2008-2009,girasol
fWvQF8Od15-1,2006-2007,soja
fYTMWHjUvu-1,2007-2008,soja
fZAariu7Fe-1,2006-2007,trigo
fZZGLnjjvq-1,2007-2008,soja
fekUSiTUdQ-1,2005-2006,trigo
fgFa8SaUSU-1,2009-2010,colza
fgFa8SaUSU-10,2009-2010,colza
fgFa8SaUSU-11,2009-2010,colza
fgFa8SaUSU-12,2009-2010,colza
fgFa8SaUSU-13,2009-2010,colza
fgFa8SaUSU-14,2009-2010,colza
fgFa8SaUSU-15,2009-2010,colza
fgFa8SaUSU-16,2009-2010,colza
fgFa8SaUSU-17,2009-2010,colza
fgFa8SaUSU-18,2009-2010,colza
fgFa8SaUSU-19,2009-2010,colza
fgFa8SaUSU-2,2009-2010,colza
fgFa8SaUSU-20,2009-2010,colza
fgFa8SaUSU-21,2009-2010,colza
fgFa8SaUSU-22,2009-2010,colza
fgFa8SaUSU-23,2009-2010,colza
fgFa8SaUSU-24,2009-2010,colza
fgFa8SaUSU-25,2009-2010,colza
fgFa8SaUSU-26,2009-2010,colza
fgFa8SaUSU-27,2009-2010,colza
fgFa8SaUSU-3,2009-2010,colza
fgFa8SaUSU-4,2009-2010,colza
fgFa8SaUSU-5,2009-2010,colza
fgFa8SaUSU-6,2009-2010,colza
fgFa8SaUSU-7,2009-2010,colza
fgFa8SaUSU-8,2009-2010,colza
fgFa8SaUSU-9,2009-2010,colza
fgl6bCnYXF-1,2010-2011,maiz
fh9ObI9tC3-1,2007-2008,maiz
fkhbc5txHc-1,2006-2007,soja
fp4ExoXGNi-1,2006-2007,soja
frpMyJScyo-1,2010-2011,soja
fs61cyiSJ7-1,2007-2008,soja
fwyU83JCv6-1,2009-2010,soja
fxMetyUkH8-1,2007-2008,soja
g0HJWdsNXQ-1,2006-2007,soja
g4HDscCkeq-1,2009-2010,soja
g4Ot3OgaZ8-1,2006-2007,soja
gApA3hO5WZ-1,2012-2013,maiz
gBVYSWCrPy-1,2008-2009,soja
gC3siuSYOX-1,2010-2011,soja
gCNMsuJcTv-1,2007-2008,soja
gCm56oTlP2-1,2006-2007,trigo
gEZGzV41gC-1,2006-2007,trigo
gL5YcfPKha-1,2008-2009,trigo
gL5YcfPKha-2,2008-2009,trigo
gL5YcfPKha-3,2008-2009,trigo
gR292upNlI-1,2011-2012,cebada
gTOPpLwxri-1,2007-2008,soja
gWHaCmVm7n-1,2007-2008,maiz
gXLiQmZDwG-1,2007-2008,soja
gYqyh03BFa-1,2006-2007,soja
gaA5p9fyMc-1,2011-2012,girasol
gbFIUGgfOc-1,2009-2010,soja
gfab5CJNoF-1,2006-2007,maiz
ggGHILTaiI-1,2006-2007,maiz
ghDCosqsce-1,2007-2008,soja
gjNdd9NP6y-1,2012-2013,soja
gsiVu0Hyqj-1,2007-2008,maiz
gsiVu0Hyqj-2,2007-2008,maiz
gtG8ny3aYn-1,2007-2008,soja
gu2P475aJe-1,2010-2011,soja
gue3yWd1CX-1,2009-2010,soja
gv33XxGcqU-1,2009-2010,soja
gzfmtsbCUe-1,2008-2009,cebada
gzfmtsbCUe-2,2008-2009,cebada
h32pMYwYQK-1,2007-2008,cebada
h78UpWcfmi-1,2011-2012,girasol
h7ynHf26i0-1,2008-2009,trigo
hDcghyQs4Q-1,2006-2007,soja
hFvZ4UUVGt-1,2006-2007,cebada
hFvZ4UUVGt-2,2006-2007,cebada
hFvZ4UUVGt-3,2006-2007,cebada
hFvZ4UUVGt-4,2006-2007,cebada
hFvZ4UUVGt-5,2006-2007,cebada
hFvZ4UUVGt-6,2006-2007,cebada
hHIWIjaJ39-1,2005-2006,trigo
hIgLI30eKr-1,2006-2007,cebada
hQ8ceMPEHP-1,2007-2008,trigo
hQH0hc3LvY-1,2007-2008,soja
hQH0hc3LvY-2,2007-2008,soja
hQH0hc3LvY-3,2007-2008,soja
hQH0hc3LvY-4,2007-2008,soja
hWzGIPLGuo-1,2008-2009,soja
hYBK6lttbZ-1,2012-2013,soja
hYBK6lttbZ-2,2012-2013,soja
hYBK6lttbZ-3,2012-2013,soja
hatUdtJ9hL-1,2005-2006,girasol
hcN4ra2ftE-1,2006-2007,soja
hcN4ra2ftE-2,2006-2007,soja
hemiN8pG6U-1,2006-2007,soja
hfLcIoOruj-1,2006-2007,soja
hgfvSOoZgC-1,2012-2013,soja
hiHUyXjlry-1,2006-2007,soja
hicMJcJHMP-1,2011-2012,cebada
hk3lsPSwZX-1,2009-2010,soja
hmLg8jJBUz-1,2008-2009,maiz
hno3ZIcbR4-1,2007-2008,soja
huEIIbvmZz-1,2011-2012,girasol
hxFlfNgH6U-1,2006-2007,trigo
i1XIHQZPb7-1,2007-2008,soja
i3bxhL2wcW-1,2009-2010,soja
i7YQN3x16O-1,2006-2007,soja
i9yPwFE7Rq-1,2006-2007,soja
iCLC8vP2W4-1,2010-2011,maiz
iD9mujjFxw-1,2006-2007,trigo
iGZRG5sXY4-1,2006-2007,soja
iGZRG5sXY4-2,2006-2007,soja
iIKwsSQSws-1,2010-2011,soja
iLvcCB1TdA-1,2005-2006,trigo
iOGpAz9Wua-1,2007-2008,soja
iOUNTrroTH-1,2007-2008,cebada
iQxsqUy1xA-1,2005-2006,trigo
iS6Uhi9PBB-1,2006-2007,soja
iTmM62poJ4-1,2008-2009,trigo
iUmIsvHYSJ-1,2008-2009,soja
iVwtdYfSlL-1,2011-2012,girasol
iYrLJyzu9N-1,2006-2007,soja
iYrLJyzu9N-2,2006-2007,soja
iZTYdCnXiH-1,2007-2008,cebada
idPgENKqtd-1,2006-2007,cebada
iep6TITkk9-1,2008-2009,cebada
ifAvLVEM70-1,2007-2008,soja
igWoeEBUU8-1,2011-2012,girasol
igk0IRoxAN-1,2010-2011,soja
ikRi0DkjlW-1,2010-2011,soja
imx1u1HmUN-1,2006-2007,soja
imx1u1HmUN-2,2006-2007,soja
is789yXbdH-1,2009-2010,trigo
isEjtHDGeE-1,2007-2008,soja
isjVAp9PIe-1,2007-2008,maiz
isjVAp9PIe-2,2007-2008,maiz
isjVAp9PIe-3,2007-2008,maiz
iyDMpngGLl-1,2010-2011,maiz
j241lBAyjw-1,2009-2010,soja
j4BWrZoT6J-1,2007-2008,trigo
j4c9kqW5hQ-1,2007-2008,soja
j6fRWZdGxa-1,2010-2011,soja
j6fRWZdGxa-2,2010-2011,soja
j76HLn45XI-1,2007-2008,soja
j7wHYhTsVK-1,2007-2008,soja
jGh1utXDHh-1,2007-2008,soja
jIKlFUB4yJ-1,2007-2008,cebada
jJfLDaB7gC-1,2007-2008,soja
jKpGAFwxTR-1,2006-2007,maiz
jKpGAFwxTR-2,2006-2007,maiz
jLTsrE2oBP-1,2006-2007,trigo
jNqDLimVun-1,2010-2011,soja
jNqDLimVun-2,2010-2011,soja
jOB8qvpaUj-1,2009-2010,soja
jOB8qvpaUj-2,2009-2010,soja
jOB8qvpaUj-3,2009-2010,soja
jP4jeXh1PD-1,2006-2007,soja
jP4jeXh1PD-2,2006-2007,soja
jP4jeXh1PD-3,2006-2007,soja
jQD6fcSReo-1,2006-2007,trigo
jQn77yZWDJ-1,2007-2008,trigo
jTVQJQVMfX-1,2010-2011,soja
jYktgbpWCK-1,2008-2009,trigo
jq8frSJtdN-1,2006-2007,soja
jq8frSJtdN-2,2006-2007,soja
jq8frSJtdN-3,2006-2007,soja
jqkdSmHeiY-1,2006-2007,soja
jqkdSmHeiY-2,2006-2007,soja
jqkdSmHeiY-3,2006-2007,soja
jtDDFTIcEM-1,2006-2007,cebada
jvaNNdTx3u-1,2006-2007,maiz
jwZhytJJX2-1,2006-2007,soja
k7NRfeUduT-1,2009-2010,soja
k7jhokZEBC-1,2006-2007,cebada
k8ep6paWrU-1,2007-2008,soja
kAO73UerNl-1,2010-2011,soja
kBYJa2TynM-1,2009-2010,girasol
kDRxDhronH-1,2006-2007,soja
kFJvjZNLWN-1,2006-2007,trigo
kOCI1Neoqf-1,2005-2006,trigo
kUDvBEiBOP-1,2006-2007,soja
kWmHTiIkFu-1,2007-2008,soja
kaWoLyr2dP-1,2007-2008,soja
kdGiTVE9G8-1,2007-2008,soja
kfgQFOH4Tn-1,2012-2013,
kfgQFOH4Tn-2,2012-2013,
kfgQFOH4Tn-3,2012-2013,
khfqup1gEM-1,2007-2008,trigo
kiSXpaXP7k-1,2006-2007,soja
ku73f73PEm-1,2010-2011,soja
kwxfWZrnkH-1,2007-2008,soja
kyP0b3yvuD-1,2007-2008,girasol
l4MG89uvjV-1,2010-2011,girasol
l8LwyJijRZ-1,2006-2007,soja
l8LwyJijRZ-2,2006-2007,soja
l8dkHpuFPI-1,2007-2008,girasol
l8s2SPfLmD-1,2007-2008,soja
lDcRQFocI6-1,2006-2007,soja
lJ6GcGNOVg-1,2006-2007,soja
lKy8CAyZNo-1,2006-2007,trigo
lKy8CAyZNo-2,2006-2007,trigo
lLmDqXWbgl-1,2009-2010,soja
lLmDqXWbgl-2,2009-2010,soja
lPuPbhIdve-1,2007-2008,girasol
lPuPbhIdve-2,2007-2008,girasol
lQ1OE7cvWm-1,2007-2008,trigo
lYaA5QHJSV-1,2009-2010,soja
la2kpFDuIr-1,2006-2007,soja
laLUMLB274-1,2009-2010,maiz
laLUMLB274-2,2009-2010,maiz
lc21pRSoNg-1,2007-2008,maiz
ldIqMe1jdE-1,2010-2011,maiz
lhxpFWfltt-1,2007-2008,soja
li9frayHx4-1,2008-2009,cebada
lmfY49HMsW-1,2007-2008,maiz
luQC6crcIg-1,2007-2008,maiz
luQC6crcIg-2,2007-2008,maiz
lwPfLUCJ1Z-1,2007-2008,soja
lxNS4ulvgR-1,2005-2006,trigo
lyyxPDJvkA-1,2007-2008,maiz
m1ZiI8Ql2v-1,2006-2007,soja
m1cmes9FaU-1,2010-2011,soja
m1tUP4ulGs-1,2006-2007,maiz
m57oTBvYkG-1,2010-2011,maiz
m8WRhaaywU-1,2006-2007,soja
mE0dFMahKk-1,2012-2013,soja
mEYyfi4l3W-1,2005-2006,trigo
mHLut0HJEY-1,2008-2009,cebada
mKHUkWs2aN-1,2006-2007,soja
mL3qZwmUwj-1,2007-2008,soja
mLdR46aPRE-1,2006-2007,maiz
mQGWLTuPqh-1,2006-2007,cebada
mQGWLTuPqh-2,2006-2007,cebada
mRk7ABujOq-1,2006-2007,maiz
mSRDmFaJwM-1,2011-2012,cebada
mSnPhX4cFb-1,2006-2007,trigo
mTLs6Yps7b-1,2006-2007,soja
mTLs6Yps7b-2,2006-2007,soja
mVlx9uztvw-1,2007-2008,soja
mXT3GvXU5o-1,2007-2008,soja
mXT3GvXU5o-2,2007-2008,soja
mZEewp8y9M-1,2007-2008,soja
marlZ5XXJP-1,2006-2007,soja
mqf9yLZntO-1,2007-2008,soja
mqf9yLZntO-2,2007-2008,soja
mre0eq4hhR-1,2007-2008,cebada
mwe9FDMSyb-1,2010-2011,maiz
mxTLG5Nk4A-1,2007-2008,soja
n6WpUkv7hS-1,2009-2010,soja
nEcxrc4ic4-1,2007-2008,soja
nEcxrc4ic4-2,2007-2008,soja
nK4A1OAh3X-1,2009-2010,soja
nKhd4CKwMy-1,2009-2010,trigo
nQpuxWvUS6-1,2010-2011,maiz
nYnmQWKlZw-1,2009-2010,soja
nZMVJlRIEY-1,2007-2008,soja
nZMVJlRIEY-2,2007-2008,soja
naVE98BGJF-1,2006-2007,soja
nbeUFBVf1N-1,2007-2008,soja
ncZ9Lwe0rm-1,2006-2007,soja
ngUzzS5vRi-1,2010-2011,soja
nhMx5vlteE-1,2007-2008,soja
njWwv1HWc5-1,2006-2007,maiz
ntBvcaQqFd-1,2008-2009,soja
nv6FcEfEWY-1,2007-2008,soja
nw8CH7hXSZ-1,2006-2007,soja
o1UPz9ArD2-1,2006-2007,soja
o1ox84rDWX-1,2012-2013,soja
o5PUpVdkWL-1,2007-2008,girasol
o5kFFvLkmj-1,2010-2011,soja
oPg5XJrlfE-1,2007-2008,trigo
oWyuVt64Uu-1,2009-2010,trigo
oZUCyNalTr-1,2007-2008,maiz
obMeLTUwrq-1,2007-2008,soja
oiZmNCX9RW-1,2007-2008,cebada
ojda1xxj6i-1,2006-2007,soja
orsb5j9bLp-1,2009-2010,soja
ot6GCyyypG-1,2007-2008,maiz
ouPNX11Aps-1,2006-2007,maiz
ouPzCboq4z-1,2009-2010,maiz
ovq5TmfyOH-1,2006-2007,cebada
owcQuU3zDf-1,2008-2009,cebada
oxLksZ9ET4-1,2006-2007,maiz
p59luQSdHx-1,2009-2010,soja
pF1OlgTggy-1,2007-2008,maiz
pFeeIyqivf-1,2008-2009,trigo
pFeeIyqivf-2,2008-2009,trigo
pH1FvGjrTi-1,2010-2011,soja
pJ9DhrYbcV-1,2009-2010,maiz
pJOCU7KXCn-1,2006-2007,soja
pJOCU7KXCn-2,2006-2007,soja
pQ6sOle5ao-1,2007-2008,maiz
pR5TcAmxyc-1,2008-2009,girasol
pRFBCts96k-1,2007-2008,soja
pRiIIbFGV2-1,2012-2013,soja
pRiIIbFGV2-2,2012-2013,soja
pTSargKrSz-1,2006-2007,soja
pTSargKrSz-2,2006-2007,soja
pUQLnNWil9-1,2007-2008,soja
pUQLnNWil9-2,2007-2008,soja
pUbZGxJrEj-1,2011-2012,
pVBkwukD6X-1,2007-2008,soja
pVBkwukD6X-2,2007-2008,soja
pWFVNALOrY-1,2007-2008,soja
peaZFFdu7e-1,2007-2008,soja
pfkldB04QC-1,2007-2008,cebada
pgtCcibFxm-1,2007-2008,soja
pirHx4GiJg-1,2008-2009,soja
pirHx4GiJg-2,2008-2009,soja
pirHx4GiJg-3,2008-2009,soja
pirHx4GiJg-4,2008-2009,soja
pjZtwH18d5-1,2007-2008,maiz
pjaQvu2WtT-1,2007-2008,soja
pjlrLysRFS-1,2007-2008,soja
plYhiCmdfY-1,2006-2007,cebada
plYhiCmdfY-2,2006-2007,cebada
ppb26dBH5k-1,2008-2009,maiz
pvYbbdcoqC-1,2007-2008,soja
pylwKR4xre-1,2008-2009,trigo
pzJt5rLuPC-1,2012-2013,soja
pzJt5rLuPC-2,2012-2013,soja
q15C5Zedkp-1,2009-2010,soja
q15C5Zedkp-10,2009-2010,soja
q15C5Zedkp-11,2009-2010,soja
q15C5Zedkp-2,2009-2010,soja
q15C5Zedkp-3,2009-2010,soja
q15C5Zedkp-4,2009-2010,soja
q15C5Zedkp-5,2009-2010,soja
q15C5Zedkp-6,2009-2010,soja
q15C5Zedkp-7,2009-2010,soja
q15C5Zedkp-8,2009-2010,soja
q15C5Zedkp-9,2009-2010,soja
q4ySikuZiI-1,2006-2007,trigo
q5oB4o4rmS-1,2010-2011,soja
qAJYrZBwdF-1,2008-2009,trigo
qCRHsjnqHv-1,2006-2007,trigo
qD0zbUv2pf-1,2006-2007,soja
qFV7fd4joM-1,2007-2008,soja
qGDQOWDG3u-1,2007-2008,maiz
qJ681YlgZM-1,2006-2007,soja
qMeVqeEK3a-1,2006-2007,cebada
qQAQW6ATBI-1,2010-2011,soja
qQy3hdsNw5-1,2006-2007,soja
qSK5VYX6be-1,2010-2011,soja
qUrUWixtB8-1,2007-2008,soja
qbhSPnytaY-1,2007-2008,soja
qciAyU3Xgl-1,2009-2010,soja
qean0ovGvE-1,2006-2007,soja
qhWhmffWPy-1,2006-2007,maiz
qrTmIjufMv-1,2006-2007,soja
qryKGXpiXx-1,2007-2008,cebada
quc7kkAjtS-1,2009-2010,soja
qujtaC8VTq-1,2007-2008,soja
qujtaC8VTq-2,2007-2008,soja
qxgpv63F1n-1,2009-2010,maiz
r2TmdoYnMI-1,2008-2009,girasol
r32bD16GYm-1,2010-2011,soja
r32bD16GYm-2,2010-2011,soja
r7HrCGhXBn-1,2007-2008,trigo
rA4xfkgoBs-1,2006-2007,trigo
rAdcTV2zfB-1,2007-2008,trigo
rCCHepfJCB-1,2007-2008,soja
rJys7Zv3uC-1,2007-2008,girasol
rLoZPJYif2-1,2005-2006,trigo
rMi7aJDWyd-1,2006-2007,cebada
rPpKezd9B0-1,2009-2010,soja
rYGqRNPNQK-1,2007-2008,soja
raxHqhKCAy-1,2006-2007,trigo
rkXoOjzODd-1,2010-2011,soja
rnWR65W4xQ-1,2006-2007,trigo
rodGliw7Au-1,2007-2008,soja
rpAfyvBTjd-1,2007-2008,girasol
rrVaSlPcmx-1,2007-2008,cebada
ru7cA2RDuT-1,2007-2008,soja
ru7cA2RDuT-2,2007-2008,soja
s3h5iRSdsO-1,2007-2008,maiz
s3h5iRSdsO-2,2007-2008,maiz
s5Nuy50Nog-1,2008-2009,girasol
s6KMkbZw15-1,2006-2007,soja
s6KMkbZw15-2,2006-2007,soja
s8roYuRmPV-1,2011-2012,soja
s9ngqq7ZPg-1,2005-2006,trigo
sFbs1OB9ve-1,2010-2011,soja
sFvkx2L4m5-1,2009-2010,trigo
sGyFDT43dn-1,2006-2007,soja
sHYBTomspi-1,2007-2008,soja
sLEtuyF9h6-1,2009-2010,soja
sLZVzDJokp-1,2011-2012,cebada
sT0xGKNmSK-1,2006-2007,maiz
sT0xGKNmSK-2,2006-2007,maiz
sVxkSouwuO-1,2012-2013,soja
sfkPDjylep-1,2007-2008,maiz
shMvoPcFCQ-1,2007-2008,soja
sjSoB5xBYG-1,2007-2008,girasol
skIbr8vTCb-1,2009-2010,soja
slTFAJTCMT-1,2009-2010,trigo
snf2q9cb6i-1,2007-2008,soja
srQFL1sKS1-1,2006-2007,soja
srSwdML6Ju-1,2007-2008,maiz
srvDFgoneo-1,2007-2008,maiz
suV7ILjBEP-1,2007-2008,trigo
suWeISQxxp-1,2008-2009,soja
suWeISQxxp-2,2008-2009,soja
suWeISQxxp-3,2008-2009,soja
suWeISQxxp-4,2008-2009,soja
suWeISQxxp-5,2008-2009,soja
suWeISQxxp-6,2008-2009,soja
suidYCPpp9-1,2007-2008,soja
sv4iybzwfM-1,2010-2011,maiz
sw1QZQZglk-1,2008-2009,trigo
szaIY4xruV-1,2010-2011,maiz
t3g7T6dfMg-1,2007-2008,soja
t4WvYs2o9S-1,2010-2011,soja
t4vnG2lBWn-1,2010-2011,soja
t9QE6JgWme-1,2008-2009,trigo
tGjF9jnvZS-1,2010-2011,soja
tHgnHoABcm-1,2010-2011,soja
tJZgefnyeM-1,2007-2008,soja
tKL4KeyV9s-1,2010-2011,soja
tKbPy6XjNl-1,2009-2010,soja
tKeoUD3ogc-1,2010-2011,soja
tLnybzxayn-1,2010-2011,soja
tLwMJAuL7w-1,2006-2007,soja
tPQ9B6WrOc-1,2008-2009,trigo
tSYMPCilI2-1,2009-2010,cebada
tVdednoXWD-1,2010-2011,girasol
tW2qBYR3MC-1,2009-2010,soja
ta235GyUU6-1,2011-2012,girasol
taMTadxR7O-1,2010-2011,soja
tadJVSGAvF-1,2010-2011,maiz
tgNmDrrOu4-1,2006-2007,soja
tirNsJlFYW-1,2007-2008,soja
tj6yvBYaoJ-1,2007-2008,maiz
tmZFrH9CXO-1,2006-2007,cebada
tmgHscdGZN-1,2006-2007,soja
tvuIXJFXjJ-1,2007-2008,maiz
twFYsJLK6I-1,2009-2010,soja
twFYsJLK6I-2,2009-2010,soja
txrlIBlI6t-1,2009-2010,maiz
u0ecvFEaZ9-1,2008-2009,cebada
u0ecvFEaZ9-2,2008-2009,cebada
u1j1I4oM9N-1,2007-2008,soja
u1j1I4oM9N-2,2007-2008,soja
uHCaRmrsJD-1,2007-2008,soja
uIAyJuBUtu-1,2006-2007,cebada
uKKF0SyJdT-1,2009-2010,trigo
uKwHyIkTFd-1,2012-2013,maiz
uLI8A4UEXv-1,2006-2007,trigo
uXEeVDTkQZ-1,2006-2007,maiz
uYcdqbZbxW-1,2006-2007,soja
uZXAm7bEHV-1,2006-2007,soja
ubdtlraovH-1,2006-2007,soja
udzzClxFq2-1,2008-2009,soja
udzzClxFq2-2,2008-2009,soja
ue2KFUF4iz-1,2007-2008,soja
uhlC1w63jE-1,2011-2012,trigo
uso2Hl4qSO-1,2006-2007,soja
v0E4V4a8kN-1,2006-2007,soja
v0s1CyDDyX-1,2007-2008,soja
v74mKQV7vQ-1,2010-2011,soja
v7UJA7lFJU-1,2008-2009,cebada
v8QBCfWfoM-1,2007-2008,soja
v8lLmQpWZN-1,2011-2012,trigo
vKlJxPSLoY-1,2010-2011,soja
vKo0F8A40B-1,2007-2008,cebada
vRLzzsnxOZ-1,2007-2008,soja
vRddcUDLEF-1,2012-2013,soja
vRddcUDLEF-2,2012-2013,soja
vSigWCYzdp-1,2008-2009,trigo
vUwkqJIe9T-1,2007-2008,trigo
vWXBVATohN-1,2006-2007,soja
vYRg8QbIsJ-1,2012-2013,soja
vYwUPq3904-1,2007-2008,cebada
vZceqOXrB7-1,2006-2007,trigo
vf8BKElJBv-1,2006-2007,cebada
vhlEdeiS2i-1,2007-2008,soja
viJ83GrT6i-1,2006-2007,soja
vmH1k9Z7oh-1,2010-2011,soja
vo5rS5oUES-1,2006-2007,cebada
vpFDPRyvE7-1,2006-2007,soja
vv3fSEuHi1-1,2010-2011,soja
vwmJrNMkZM-1,2007-2008,soja
vzNFyb9EwG-1,2007-2008,maiz
vzit9kJttU-1,2010-2011,soja
w07T0m4vEa-1,2006-2007,trigo
w5NKjCAYOC-1,2006-2007,soja
w7pjRiDse6-1,2010-2011,soja
w8RVkJk9Fk-1,2007-2008,soja
wLev4mRmw7-1,2010-2011,soja
wQDWKBmLJQ-1,2006-2007,trigo
wQE2yJYd2Q-1,2008-2009,maiz
wSLwbehkLJ-1,2007-2008,soja
wSLwbehkLJ-2,2007-2008,soja
wVycIxCpO3-1,2007-2008,girasol
wWNPBbnyfi-1,2010-2011,soja
wWPlGlTKJw-1,2008-2009,soja
wWPlGlTKJw-2,2008-2009,soja
wasV29aug9-1,2006-2007,soja
wb81IUYfdU-1,2006-2007,soja
wbVuveOIWF-1,2009-2010,cebada
whlj8aSuKL-1,2007-2008,soja
whonxy2uwW-1,2007-2008,soja
wiHtt3ruqJ-1,2010-2011,soja
wiHtt3ruqJ-2,2010-2011,soja
wj9NqTRdT1-1,2007-2008,cebada
wmE3ESa27V-1,2007-2008,soja
wnFd2Umj1T-1,2007-2008,soja
wovEs9samF-1,2010-2011,soja
wp213TMN1r-1,2006-2007,soja
wpOw6gMRwH-1,2006-2007,cebada
wq3YcjWY02-1,2006-2007,trigo
wqd3Q22OPF-1,2006-2007,trigo
ws283gQmnd-1,2010-2011,maiz
wuU0M9aXl5-1,2006-2007,soja
wuU0M9aXl5-2,2006-2007,soja
wxVFBriEIG-1,2006-2007,soja
wyp4hFsWU6-1,2007-2008,cebada
x3bgcnHVHV-1,2007-2008,maiz
x6onxh9wu2-1,2006-2007,soja
x6qn1oKxIm-1,2007-2008,soja
xC6Z5Veirp-1,2012-2013,soja
xFlDqFeJRK-1,2006-2007,maiz
xHLfJGZqTq-1,2007-2008,soja
xQ6oH86ADl-1,2010-2011,soja
xTa8cOmvNQ-1,2012-2013,soja
xURGCykFQE-1,2009-2010,maiz
xVlBrLgDcd-1,2006-2007,soja
xW7xhLpGwS-1,2006-2007,maiz
xYgGrtD1Cr-1,2006-2007,soja
xZ48Vvo77a-1,2009-2010,soja
xbbhE9nwFE-1,2009-2010,trigo
xfYd4YEBI5-1,2006-2007,soja
xfYd4YEBI5-2,2006-2007,soja
xfYd4YEBI5-3,2006-2007,soja
